MSISDN,Selected_Action,ActionType,Propensity,MonthlyValueQAR
97451803258,Device_Upgrade_iPhone,Upsell,0.2273,280
97457965603,Device_Upgrade_iPhone,Upsell,0.2076,280
97456891143,Device_Upgrade_iPhone,Upsell,0.3067,280
97454949905,Device_Upgrade_iPhone,Upsell,0.3438,280
97454897136,Device_Upgrade_iPhone,Upsell,0.4325,280
97458727380,Device_Upgrade_iPhone,Upsell,0.3132,280
97451773510,Device_Upgrade_iPhone,Upsell,0.2322,280
97457276311,Device_Upgrade_iPhone,Upsell,0.3649,280
97452813225,Device_Upgrade_iPhone,Upsell,0.1738,280
97451847596,Device_Upgrade_iPhone,Upsell,0.3086,280
97455738310,Loyalty_Points_2x,Retention,0.1959,0
97459780600,Device_Upgrade_iPhone,Upsell,0.3531,280
97457621770,Device_Upgrade_iPhone,Upsell,0.1718,280
97457850256,Device_Upgrade_iPhone,Upsell,0.3458,280
97457457294,Device_Upgrade_iPhone,Upsell,0.2215,280
97458074577,Device_Upgrade_iPhone,Upsell,0.0939,280
97455619038,10GB_Aggressive_HVC,Retention,0.3276,120
97452153022,Device_Upgrade_iPhone,Upsell,0.3659,280
97458557733,Device_Upgrade_iPhone,Upsell,0.2949,280
97455053472,Device_Upgrade_iPhone,Upsell,0.4798,280
97455503166,Device_Upgrade_iPhone,Upsell,0.2708,280
97454337181,Device_Upgrade_iPhone,Upsell,0.2874,280
97452642946,Device_Upgrade_iPhone,Upsell,0.1929,280
97459340883,1GB_plus_100mins,NBO,0.1397,40
97458034106,Roaming_Daily_Pass,CrossSell,0.1364,60
97456794785,Device_Upgrade_iPhone,Upsell,0.4598,280
97454621728,Device_Upgrade_iPhone,Upsell,0.329,280
97458404853,Device_Upgrade_iPhone,Upsell,0.2079,280
97455908861,Device_Upgrade_iPhone,Upsell,0.2022,280
97454990727,Device_Upgrade_iPhone,Upsell,0.314,280
97455054135,Device_Upgrade_iPhone,Upsell,0.287,280
97453045148,Device_Upgrade_iPhone,Upsell,0.3181,280
97451829223,Device_Upgrade_iPhone,Upsell,0.3913,280
97455991262,Device_Upgrade_iPhone,Upsell,0.2237,280
97458991007,Loyalty_Points_2x,Retention,0.1606,0
97451574355,1GB_plus_100mins,NBO,0.1473,40
97458724620,Device_Upgrade_iPhone,Upsell,0.1856,280
97458448679,Loyalty_Points_2x,Retention,0.1687,0
97453490836,Device_Upgrade_iPhone,Upsell,0.2235,280
97456684978,Loyalty_Points_2x,Retention,0.1724,0
97452487061,Device_Upgrade_iPhone,Upsell,0.2718,280
97457822788,Device_Upgrade_iPhone,Upsell,0.1419,280
97457304705,Device_Upgrade_iPhone,Upsell,0.2686,280
97454190733,Device_Upgrade_iPhone,Upsell,0.2572,280
97451611279,Device_Upgrade_iPhone,Upsell,0.2316,280
97459736281,200mins_Upsell,Upsell,0.1801,35
97455011186,200mins_Upsell,Upsell,0.3049,35
97459038089,Device_Upgrade_iPhone,Upsell,0.2183,280
97457101270,Device_Upgrade_iPhone,Upsell,0.3208,280
97458005450,Device_Upgrade_iPhone,Upsell,0.203,280
97457839094,Loyalty_Points_2x,Retention,0.1476,0
97452751748,Retention_Save_25pct,Retention,0.2851,90
97454275153,Device_Upgrade_iPhone,Upsell,0.1682,280
97455200488,Device_Upgrade_iPhone,Upsell,0.2159,280
97455480123,Retention_Save_25pct,Retention,0.301,90
97451394233,Loyalty_Points_2x,Retention,0.1476,0
97455919124,Device_Upgrade_iPhone,Upsell,0.2569,280
97452388605,Device_Upgrade_iPhone,Upsell,0.2711,280
97457690382,1GB_plus_100mins,NBO,0.1519,40
97457147439,Device_Upgrade_iPhone,Upsell,0.3693,280
97459302749,Device_Upgrade_iPhone,Upsell,0.3383,280
97457702858,Device_Upgrade_iPhone,Upsell,0.2419,280
97454299783,Device_Upgrade_iPhone,Upsell,0.2146,280
97459707586,Device_Upgrade_iPhone,Upsell,0.5156,280
97454697652,Loyalty_Points_2x,Retention,0.1624,0
97453932427,Device_Upgrade_iPhone,Upsell,0.3975,280
97459149820,Device_Upgrade_iPhone,Upsell,0.2447,280
97454334136,1GB_plus_100mins,NBO,0.156,40
97451687088,Device_Upgrade_iPhone,Upsell,0.1797,280
97455226001,Loyalty_Points_2x,Retention,0.1175,0
97458161118,Device_Upgrade_iPhone,Upsell,0.3858,280
97452705242,1GB_plus_100mins,NBO,0.1395,40
97455166464,Device_Upgrade_iPhone,Upsell,0.2261,280
97452169293,Device_Upgrade_iPhone,Upsell,0.2286,280
97457178303,10GB_Aggressive_HVC,Retention,0.2353,120
97455281343,Retention_Save_25pct,Retention,0.2961,90
97453971766,1GB_plus_100mins,NBO,0.1803,40
97453042183,Device_Upgrade_iPhone,Upsell,0.2018,280
97456080498,Device_Upgrade_iPhone,Upsell,0.3076,280
97457028325,Loyalty_Points_2x,Retention,0.1855,0
97459462753,Device_Upgrade_iPhone,Upsell,0.2088,280
97454934366,Device_Upgrade_iPhone,Upsell,0.4659,280
97452446193,Device_Upgrade_iPhone,Upsell,0.4218,280
97458494102,1GB_plus_100mins,NBO,0.15,40
97456667878,Loyalty_Points_2x,Retention,0.1695,0
97457302385,Loyalty_Points_2x,Retention,0.1727,0
97451875039,Device_Upgrade_iPhone,Upsell,0.3576,280
97453811299,Device_Upgrade_iPhone,Upsell,0.4766,280
97457910594,Device_Upgrade_iPhone,Upsell,0.4044,280
97458490337,Device_Upgrade_iPhone,Upsell,0.2625,280
97454916949,Device_Upgrade_iPhone,Upsell,0.2884,280
97458242878,Device_Upgrade_iPhone,Upsell,0.2718,280
97458575225,Device_Upgrade_iPhone,Upsell,0.1858,280
97454487305,Device_Upgrade_iPhone,Upsell,0.106,280
97459082787,Device_Upgrade_iPhone,Upsell,0.387,280
97453594952,Retention_Save_25pct,Retention,0.2761,90
97453156019,Retention_Save_25pct,Retention,0.2988,90
97457142458,10GB_Aggressive_HVC,Retention,0.2834,120
97456730855,Device_Upgrade_iPhone,Upsell,0.3301,280
97452257772,Device_Upgrade_iPhone,Upsell,0.2673,280
97458494629,Device_Upgrade_iPhone,Upsell,0.376,280
97452799173,Device_Upgrade_iPhone,Upsell,0.2743,280
97458244091,Device_Upgrade_iPhone,Upsell,0.5464,280
97451066260,Loyalty_Points_2x,Retention,0.162,0
97458171582,Device_Upgrade_iPhone,Upsell,0.5254,280
97458082318,10GB_Aggressive_HVC,Retention,0.2366,120
97458023278,Device_Upgrade_iPhone,Upsell,0.282,280
97456983657,10GB_Aggressive_HVC,Retention,0.3583,120
97455244103,Loyalty_Points_2x,Retention,0.1311,0
97457346487,10GB_Aggressive_HVC,Retention,0.2421,120
97453494094,1GB_plus_100mins,NBO,0.1425,40
97458026560,Device_Upgrade_iPhone,Upsell,0.4655,280
97456000822,Device_Upgrade_iPhone,Upsell,0.2277,280
97455130241,Device_Upgrade_iPhone,Upsell,0.3118,280
97455550455,Device_Upgrade_iPhone,Upsell,0.3342,280
97456118670,Device_Upgrade_iPhone,Upsell,0.1614,280
97451335360,Loyalty_Points_2x,Retention,0.1109,0
97452258172,10GB_Aggressive_HVC,Retention,0.2611,120
97453209330,5G_Unlimited_Upgrade,Upsell,0.1613,200
97452030770,Device_Upgrade_iPhone,Upsell,0.538,280
97454956521,Device_Upgrade_iPhone,Upsell,0.2072,280
97457015625,Device_Upgrade_iPhone,Upsell,0.2194,280
97456889859,Device_Upgrade_iPhone,Upsell,0.2214,280
97455239865,Device_Upgrade_iPhone,Upsell,0.1911,280
97458695719,Device_Upgrade_iPhone,Upsell,0.3542,280
97456087124,Device_Upgrade_iPhone,Upsell,0.3858,280
97451712776,10GB_Aggressive_HVC,Retention,0.2857,120
97457884988,Device_Upgrade_iPhone,Upsell,0.2076,280
97456171405,Device_Upgrade_iPhone,Upsell,0.2667,280
97456712464,Device_Upgrade_iPhone,Upsell,0.1876,280
97456088359,Loyalty_Points_2x,Retention,0.177,0
97455982214,1GB_plus_100mins,NBO,0.1612,40
97451815097,Device_Upgrade_iPhone,Upsell,0.1576,280
97456032863,Device_Upgrade_iPhone,Upsell,0.2066,280
97458154212,1GB_plus_100mins,NBO,0.0852,40
97453735550,Device_Upgrade_iPhone,Upsell,0.3385,280
97456425543,Device_Upgrade_iPhone,Upsell,0.2242,280
97451277360,10GB_Aggressive_HVC,Retention,0.3558,120
97454127492,Device_Upgrade_iPhone,Upsell,0.2137,280
97454930456,Device_Upgrade_iPhone,Upsell,0.2331,280
97459844644,Device_Upgrade_iPhone,Upsell,0.279,280
97452931261,Device_Upgrade_iPhone,Upsell,0.4064,280
97453488934,10GB_Aggressive_HVC,Retention,0.3266,120
97454676757,Device_Upgrade_iPhone,Upsell,0.2794,280
97459933989,Device_Upgrade_iPhone,Upsell,0.2109,280
97458680626,Device_Upgrade_iPhone,Upsell,0.3873,280
97451312236,Device_Upgrade_iPhone,Upsell,0.2405,280
97453105455,Device_Upgrade_iPhone,Upsell,0.4493,280
97458395069,10GB_Aggressive_HVC,Retention,0.2409,120
97451524724,Device_Upgrade_iPhone,Upsell,0.3534,280
97458701036,Device_Upgrade_iPhone,Upsell,0.2419,280
97453532454,Device_Upgrade_iPhone,Upsell,0.3374,280
97459258868,Device_Upgrade_iPhone,Upsell,0.3119,280
97453642343,Device_Upgrade_iPhone,Upsell,0.3216,280
97454908850,Device_Upgrade_iPhone,Upsell,0.2799,280
97456957247,10GB_Aggressive_HVC,Retention,0.1789,120
97452136526,Device_Upgrade_iPhone,Upsell,0.1686,280
97456013288,200mins_Upsell,Upsell,0.2525,35
97455545138,1GB_plus_100mins,NBO,0.1432,40
97458055083,Device_Upgrade_iPhone,Upsell,0.2248,280
97459964961,Device_Upgrade_iPhone,Upsell,0.4505,280
97456978821,Device_Upgrade_iPhone,Upsell,0.3633,280
97454682677,Device_Upgrade_iPhone,Upsell,0.3037,280
97454657481,Device_Upgrade_iPhone,Upsell,0.4994,280
97454761628,Device_Upgrade_iPhone,Upsell,0.3927,280
97458326182,Device_Upgrade_iPhone,Upsell,0.299,280
97453890941,Loyalty_Points_2x,Retention,0.1611,0
97452502756,Device_Upgrade_iPhone,Upsell,0.4189,280
97454008622,Device_Upgrade_iPhone,Upsell,0.1791,280
97451204408,10GB_Aggressive_HVC,Retention,0.3552,120
97451955283,Device_Upgrade_iPhone,Upsell,0.2263,280
97451810430,1GB_plus_100mins,NBO,0.1517,40
97457943970,Device_Upgrade_iPhone,Upsell,0.2132,280
97457501233,1GB_plus_100mins,NBO,0.1423,40
97457270936,Retention_Save_25pct,Retention,0.2426,90
97455156894,Device_Upgrade_iPhone,Upsell,0.1852,280
97457453525,Device_Upgrade_iPhone,Upsell,0.4651,280
97452451445,Device_Upgrade_iPhone,Upsell,0.2336,280
97459105594,10GB_Aggressive_HVC,Retention,0.2385,120
97455509402,1GB_plus_100mins,NBO,0.1342,40
97459442461,Device_Upgrade_iPhone,Upsell,0.2375,280
97452370808,Device_Upgrade_iPhone,Upsell,0.2034,280
97455475970,Device_Upgrade_iPhone,Upsell,0.1771,280
97457266882,Device_Upgrade_iPhone,Upsell,0.2089,280
97455460632,Device_Upgrade_iPhone,Upsell,0.3926,280
97455015406,1GB_plus_100mins,NBO,0.0988,40
97452495926,Device_Upgrade_iPhone,Upsell,0.208,280
97454429190,Device_Upgrade_iPhone,Upsell,0.2318,280
97453148896,Device_Upgrade_iPhone,Upsell,0.2382,280
97453713608,Device_Upgrade_iPhone,Upsell,0.1814,280
97457153305,Device_Upgrade_iPhone,Upsell,0.3578,280
97456672542,Device_Upgrade_iPhone,Upsell,0.4024,280
97456464767,Loyalty_Points_2x,Retention,0.1527,0
97454256313,Device_Upgrade_iPhone,Upsell,0.5301,280
97459637232,Device_Upgrade_iPhone,Upsell,0.5447,280
97451788849,1GB_plus_100mins,NBO,0.1466,40
97454083316,Device_Upgrade_iPhone,Upsell,0.5532,280
97454050493,Device_Upgrade_iPhone,Upsell,0.3471,280
97459657078,Device_Upgrade_iPhone,Upsell,0.284,280
97454296371,Roaming_Daily_Pass,CrossSell,0.0947,60
97459177225,Device_Upgrade_iPhone,Upsell,0.3477,280
97455455590,Device_Upgrade_iPhone,Upsell,0.4761,280
97457297363,10GB_Aggressive_HVC,Retention,0.3069,120
97455116756,Device_Upgrade_iPhone,Upsell,0.3109,280
97453392829,Device_Upgrade_iPhone,Upsell,0.3039,280
97457878064,10GB_Aggressive_HVC,Retention,0.2455,120
97459722586,Device_Upgrade_iPhone,Upsell,0.2953,280
97453371723,Device_Upgrade_iPhone,Upsell,0.2517,280
97458008757,Device_Upgrade_iPhone,Upsell,0.3486,280
97453350259,Loyalty_Points_2x,Retention,0.2407,0
97457452010,Device_Upgrade_iPhone,Upsell,0.4116,280
97458101058,Device_Upgrade_iPhone,Upsell,0.2568,280
97455044253,Loyalty_Points_2x,Retention,0.1869,0
97457632275,Device_Upgrade_iPhone,Upsell,0.2396,280
97453450173,10GB_Aggressive_HVC,Retention,0.2703,120
97451713281,Loyalty_Points_2x,Retention,0.1747,0
97451867518,1GB_plus_100mins,NBO,0.1542,40
97455023213,Device_Upgrade_iPhone,Upsell,0.4665,280
97459123420,Device_Upgrade_iPhone,Upsell,0.3935,280
97452148191,Device_Upgrade_iPhone,Upsell,0.2289,280
97455101986,Device_Upgrade_iPhone,Upsell,0.4568,280
97457336287,1GB_plus_100mins,NBO,0.1621,40
97452821270,1GB_plus_100mins,NBO,0.1404,40
97457494546,Device_Upgrade_iPhone,Upsell,0.2657,280
97453753609,Device_Upgrade_iPhone,Upsell,0.2966,280
97458277945,Device_Upgrade_iPhone,Upsell,0.1468,280
97456212975,Device_Upgrade_iPhone,Upsell,0.1934,280
97455922164,Device_Upgrade_iPhone,Upsell,0.1895,280
97452590954,Device_Upgrade_iPhone,Upsell,0.2604,280
97455168852,Device_Upgrade_iPhone,Upsell,0.3677,280
97458709527,Loyalty_Points_2x,Retention,0.1774,0
97451175715,Device_Upgrade_iPhone,Upsell,0.1934,280
97457826675,Device_Upgrade_iPhone,Upsell,0.2823,280
97455434861,Device_Upgrade_iPhone,Upsell,0.2778,280
97457475165,Loyalty_Points_2x,Retention,0.1803,0
97456969681,Device_Upgrade_iPhone,Upsell,0.3059,280
97454888836,10GB_Aggressive_HVC,Retention,0.2786,120
97453778004,Loyalty_Points_2x,Retention,0.1403,0
97456645778,Device_Upgrade_iPhone,Upsell,0.215,280
97452262018,Device_Upgrade_iPhone,Upsell,0.5051,280
97456256881,Loyalty_Points_2x,Retention,0.1513,0
97451852252,Device_Upgrade_iPhone,Upsell,0.209,280
97456848618,Device_Upgrade_iPhone,Upsell,0.2604,280
97456658706,Device_Upgrade_iPhone,Upsell,0.2818,280
97451759998,Device_Upgrade_iPhone,Upsell,0.2053,280
97457817390,Device_Upgrade_iPhone,Upsell,0.2857,280
97454742266,Device_Upgrade_iPhone,Upsell,0.2889,280
97458081977,Device_Upgrade_iPhone,Upsell,0.2495,280
97451374527,1GB_plus_100mins,NBO,0.1435,40
97452615108,Device_Upgrade_iPhone,Upsell,0.2372,280
97455445916,Device_Upgrade_iPhone,Upsell,0.3214,280
97452694026,Device_Upgrade_iPhone,Upsell,0.2968,280
97453968750,5G_Unlimited_Upgrade,Upsell,0.264,200
97456945390,Loyalty_Points_2x,Retention,0.2146,0
97452300717,Loyalty_Points_2x,Retention,0.1499,0
97457099325,Retention_Save_25pct,Retention,0.3006,90
97451930626,Device_Upgrade_iPhone,Upsell,0.2012,280
97452576666,Device_Upgrade_iPhone,Upsell,0.2244,280
97456288800,Device_Upgrade_iPhone,Upsell,0.3607,280
97458141348,Retention_Save_25pct,Retention,0.1982,90
97452535336,Device_Upgrade_iPhone,Upsell,0.2122,280
97453699934,Loyalty_Points_2x,Retention,0.1472,0
97459326080,Roaming_Daily_Pass,CrossSell,0.1552,60
97459907152,Device_Upgrade_iPhone,Upsell,0.3349,280
97456229549,Loyalty_Points_2x,Retention,0.2905,0
97455023342,Loyalty_Points_2x,Retention,0.1225,0
97454121827,Device_Upgrade_iPhone,Upsell,0.2594,280
97456512066,1GB_plus_100mins,NBO,0.126,40
97456318238,Loyalty_Points_2x,Retention,0.1572,0
97453652777,10GB_Aggressive_HVC,Retention,0.3366,120
97451205234,Device_Upgrade_iPhone,Upsell,0.3664,280
97452363484,Device_Upgrade_iPhone,Upsell,0.4454,280
97459627031,1GB_plus_100mins,NBO,0.1583,40
97454763393,Device_Upgrade_iPhone,Upsell,0.4238,280
97455340730,Device_Upgrade_iPhone,Upsell,0.3295,280
97455203967,Device_Upgrade_iPhone,Upsell,0.3765,280
97458044616,1GB_plus_100mins,NBO,0.1455,40
97451584609,Device_Upgrade_iPhone,Upsell,0.4365,280
97451744569,Device_Upgrade_iPhone,Upsell,0.3603,280
97453482624,Retention_Save_25pct,Retention,0.4589,90
97455379924,Device_Upgrade_iPhone,Upsell,0.3,280
97457040115,Device_Upgrade_iPhone,Upsell,0.2233,280
97455416362,Device_Upgrade_iPhone,Upsell,0.3829,280
97454970512,1GB_plus_100mins,NBO,0.1141,40
97459440437,Device_Upgrade_iPhone,Upsell,0.289,280
97452449170,10GB_Aggressive_HVC,Retention,0.2404,120
97456145551,1GB_plus_100mins,NBO,0.1606,40
97455880201,Device_Upgrade_iPhone,Upsell,0.2908,280
97455261404,Device_Upgrade_iPhone,Upsell,0.2214,280
97458268376,Device_Upgrade_iPhone,Upsell,0.2577,280
97453402780,Device_Upgrade_iPhone,Upsell,0.2948,280
97459583954,1GB_plus_100mins,NBO,0.1337,40
97453984120,Device_Upgrade_iPhone,Upsell,0.2463,280
97455905039,10GB_Aggressive_HVC,Retention,0.1916,120
97455686051,Device_Upgrade_iPhone,Upsell,0.2812,280
97458648000,10GB_Aggressive_HVC,Retention,0.336,120
97454950202,Device_Upgrade_iPhone,Upsell,0.3648,280
97453561030,1GB_plus_100mins,NBO,0.1365,40
97451194508,5G_Unlimited_Upgrade,Upsell,0.1856,200
97454273103,Device_Upgrade_iPhone,Upsell,0.2314,280
97458436626,10GB_Aggressive_HVC,Retention,0.3095,120
97451089245,Device_Upgrade_iPhone,Upsell,0.3419,280
97459065446,Loyalty_Points_2x,Retention,0.3051,0
97455885443,Device_Upgrade_iPhone,Upsell,0.2012,280
97452262241,Device_Upgrade_iPhone,Upsell,0.2084,280
97453719613,Device_Upgrade_iPhone,Upsell,0.247,280
97455986324,Device_Upgrade_iPhone,Upsell,0.1881,280
97453841229,10GB_Aggressive_HVC,Retention,0.4042,120
97451977181,Device_Upgrade_iPhone,Upsell,0.1729,280
97456993899,Roaming_Daily_Pass,CrossSell,0.2688,60
97457050160,Device_Upgrade_iPhone,Upsell,0.2114,280
97452069868,Device_Upgrade_iPhone,Upsell,0.2577,280
97453531103,10GB_Aggressive_HVC,Retention,0.4647,120
97453194859,Device_Upgrade_iPhone,Upsell,0.2692,280
97456934803,Device_Upgrade_iPhone,Upsell,0.1883,280
97457572659,Device_Upgrade_iPhone,Upsell,0.2427,280
97457542950,Device_Upgrade_iPhone,Upsell,0.1835,280
97459448850,10GB_Aggressive_HVC,Retention,0.2383,120
97457917826,10GB_Aggressive_HVC,Retention,0.2946,120
97453886114,Device_Upgrade_iPhone,Upsell,0.3279,280
97451969668,Device_Upgrade_iPhone,Upsell,0.3015,280
97456531784,Device_Upgrade_iPhone,Upsell,0.3277,280
97459244105,10GB_Aggressive_HVC,Retention,0.2615,120
97459776396,Device_Upgrade_iPhone,Upsell,0.2922,280
97453071925,1GB_plus_100mins,NBO,0.1618,40
97453128098,Device_Upgrade_iPhone,Upsell,0.3324,280
97451336712,Device_Upgrade_iPhone,Upsell,0.3713,280
97452271359,Device_Upgrade_iPhone,Upsell,0.2722,280
97455993671,Device_Upgrade_iPhone,Upsell,0.4114,280
97455921229,Device_Upgrade_iPhone,Upsell,0.4426,280
97454338300,Device_Upgrade_iPhone,Upsell,0.2376,280
97453789598,10GB_Aggressive_HVC,Retention,0.4132,120
97458468106,Device_Upgrade_iPhone,Upsell,0.332,280
97455140304,Device_Upgrade_iPhone,Upsell,0.4788,280
97458274262,Device_Upgrade_iPhone,Upsell,0.3155,280
97459668905,Device_Upgrade_iPhone,Upsell,0.4832,280
97453854249,10GB_Aggressive_HVC,Retention,0.2843,120
97452824644,1GB_plus_100mins,NBO,0.1757,40
97459576093,Home_Free_OoredooTV,CrossSell,0.1524,150
97456713479,10GB_Aggressive_HVC,Retention,0.2104,120
97453618260,Device_Upgrade_iPhone,Upsell,0.2773,280
97456596739,Loyalty_Points_2x,Retention,0.2097,0
97455635513,Device_Upgrade_iPhone,Upsell,0.2187,280
97459149788,Device_Upgrade_iPhone,Upsell,0.3043,280
97453303685,Device_Upgrade_iPhone,Upsell,0.2292,280
97459922444,Device_Upgrade_iPhone,Upsell,0.2275,280
97459424391,Device_Upgrade_iPhone,Upsell,0.294,280
97452626317,Device_Upgrade_iPhone,Upsell,0.3395,280
97452481470,Loyalty_Points_2x,Retention,0.2224,0
97455798410,Device_Upgrade_iPhone,Upsell,0.1565,280
97451404195,Device_Upgrade_iPhone,Upsell,0.299,280
97453689181,Device_Upgrade_iPhone,Upsell,0.1497,280
97454915873,10GB_Aggressive_HVC,Retention,0.3622,120
97459724358,Device_Upgrade_iPhone,Upsell,0.4616,280
97459931379,Loyalty_Points_2x,Retention,0.2753,0
97452363859,5G_Unlimited_Upgrade,Upsell,0.4446,200
97459025094,Device_Upgrade_iPhone,Upsell,0.1938,280
97451818359,Device_Upgrade_iPhone,Upsell,0.2285,280
97457737471,Device_Upgrade_iPhone,Upsell,0.2988,280
97458610783,Device_Upgrade_iPhone,Upsell,0.2208,280
97459017131,Device_Upgrade_iPhone,Upsell,0.4355,280
97453010761,Device_Upgrade_iPhone,Upsell,0.3457,280
97459041018,10GB_Aggressive_HVC,Retention,0.2479,120
97452043828,Device_Upgrade_iPhone,Upsell,0.2322,280
97455669724,Device_Upgrade_iPhone,Upsell,0.4222,280
97455225907,Device_Upgrade_iPhone,Upsell,0.2239,280
97453843361,1GB_plus_100mins,NBO,0.1524,40
97451199027,1GB_plus_100mins,NBO,0.133,40
97457948111,10GB_Aggressive_HVC,Retention,0.2733,120
97454020252,Device_Upgrade_iPhone,Upsell,0.2117,280
97456954950,Device_Upgrade_iPhone,Upsell,0.221,280
97454691978,Device_Upgrade_iPhone,Upsell,0.3293,280
97454362919,Device_Upgrade_iPhone,Upsell,0.2381,280
97458976662,Retention_Save_25pct,Retention,0.4164,90
97451850199,Device_Upgrade_iPhone,Upsell,0.2214,280
97457629555,Device_Upgrade_iPhone,Upsell,0.3203,280
97457721105,Device_Upgrade_iPhone,Upsell,0.2186,280
97454419922,Device_Upgrade_iPhone,Upsell,0.246,280
97453362144,Device_Upgrade_iPhone,Upsell,0.2355,280
97451047763,Device_Upgrade_iPhone,Upsell,0.3304,280
97459431317,Device_Upgrade_iPhone,Upsell,0.2249,280
97459529582,Device_Upgrade_iPhone,Upsell,0.2438,280
97453168734,10GB_Aggressive_HVC,Retention,0.2184,120
97451287199,1GB_plus_100mins,NBO,0.1304,40
97452104821,Device_Upgrade_iPhone,Upsell,0.2493,280
97451608785,Device_Upgrade_iPhone,Upsell,0.2375,280
97458480013,Device_Upgrade_iPhone,Upsell,0.3362,280
97459027202,Device_Upgrade_iPhone,Upsell,0.3756,280
97452379558,1GB_plus_100mins,NBO,0.1479,40
97457720654,Device_Upgrade_iPhone,Upsell,0.2001,280
97452613414,Device_Upgrade_iPhone,Upsell,0.1904,280
97454304880,10GB_Aggressive_HVC,Retention,0.1446,120
97456394444,1GB_plus_100mins,NBO,0.1742,40
97457479340,Device_Upgrade_iPhone,Upsell,0.3232,280
97458871057,Device_Upgrade_iPhone,Upsell,0.2761,280
97451403063,200mins_Upsell,Upsell,0.2924,35
97452767911,Device_Upgrade_iPhone,Upsell,0.3802,280
97453524577,Device_Upgrade_iPhone,Upsell,0.2065,280
97453792912,Device_Upgrade_iPhone,Upsell,0.1879,280
97459982249,Device_Upgrade_iPhone,Upsell,0.3017,280
97457996642,1GB_plus_100mins,NBO,0.1664,40
97453883754,Device_Upgrade_iPhone,Upsell,0.2845,280
97459746436,Device_Upgrade_iPhone,Upsell,0.1761,280
97455493762,10GB_Aggressive_HVC,Retention,0.2619,120
97455506670,Device_Upgrade_iPhone,Upsell,0.1975,280
97454903289,Device_Upgrade_iPhone,Upsell,0.2228,280
97452295077,Device_Upgrade_iPhone,Upsell,0.2319,280
97459409351,Device_Upgrade_iPhone,Upsell,0.3528,280
97451125426,1GB_plus_100mins,NBO,0.1429,40
97452568506,Device_Upgrade_iPhone,Upsell,0.2521,280
97453066904,Device_Upgrade_iPhone,Upsell,0.4392,280
97453513677,Device_Upgrade_iPhone,Upsell,0.2024,280
97452186399,5G_Unlimited_Upgrade,Upsell,0.1977,200
97451161652,10GB_Aggressive_HVC,Retention,0.2309,120
97457098927,Device_Upgrade_iPhone,Upsell,0.3326,280
97459723788,Device_Upgrade_iPhone,Upsell,0.3756,280
97452096492,Device_Upgrade_iPhone,Upsell,0.2582,280
97453668816,Device_Upgrade_iPhone,Upsell,0.2914,280
97455556968,Device_Upgrade_iPhone,Upsell,0.4973,280
97459347520,Device_Upgrade_iPhone,Upsell,0.2763,280
97457248361,Device_Upgrade_iPhone,Upsell,0.5223,280
97457895692,Device_Upgrade_iPhone,Upsell,0.3392,280
97456230048,Device_Upgrade_iPhone,Upsell,0.4775,280
97454753321,Device_Upgrade_iPhone,Upsell,0.3678,280
97452797980,Device_Upgrade_iPhone,Upsell,0.2921,280
97458778828,Device_Upgrade_iPhone,Upsell,0.2736,280
97458237119,Device_Upgrade_iPhone,Upsell,0.3184,280
97451225911,Device_Upgrade_iPhone,Upsell,0.3424,280
97457438663,Device_Upgrade_iPhone,Upsell,0.2157,280
97451759492,Device_Upgrade_iPhone,Upsell,0.2664,280
97457650855,10GB_Aggressive_HVC,Retention,0.235,120
97458433583,10GB_Aggressive_HVC,Retention,0.3478,120
97452179519,Device_Upgrade_iPhone,Upsell,0.392,280
97454904522,Device_Upgrade_iPhone,Upsell,0.3161,280
97452113784,Device_Upgrade_iPhone,Upsell,0.1599,280
97456105539,Device_Upgrade_iPhone,Upsell,0.1043,280
97459348062,Device_Upgrade_iPhone,Upsell,0.2054,280
97451727825,Device_Upgrade_iPhone,Upsell,0.2439,280
97454578203,Loyalty_Points_2x,Retention,0.1668,0
97459758083,Loyalty_Points_2x,Retention,0.1762,0
97453708537,Retention_Save_25pct,Retention,0.3673,90
97452189950,Device_Upgrade_iPhone,Upsell,0.164,280
97455397255,Device_Upgrade_iPhone,Upsell,0.4239,280
97455575352,Retention_Save_25pct,Retention,0.4377,90
97456965777,Device_Upgrade_iPhone,Upsell,0.2075,280
97453823637,Device_Upgrade_iPhone,Upsell,0.3105,280
97459600608,Device_Upgrade_iPhone,Upsell,0.1975,280
97455689204,Device_Upgrade_iPhone,Upsell,0.2099,280
97453578015,Loyalty_Points_2x,Retention,0.1778,0
97459642559,Device_Upgrade_iPhone,Upsell,0.2125,280
97459323274,Device_Upgrade_iPhone,Upsell,0.2125,280
97455492482,10GB_Aggressive_HVC,Retention,0.2429,120
97451223735,1GB_plus_100mins,NBO,0.1605,40
97456372424,Device_Upgrade_iPhone,Upsell,0.1261,280
97455996781,Device_Upgrade_iPhone,Upsell,0.4344,280
97452333875,Loyalty_Points_2x,Retention,0.1693,0
97456705775,Device_Upgrade_iPhone,Upsell,0.2084,280
97458567141,Device_Upgrade_iPhone,Upsell,0.2362,280
97451953076,Device_Upgrade_iPhone,Upsell,0.1927,280
97457509902,5G_Unlimited_Upgrade,Upsell,0.2398,200
97452263056,Roaming_Daily_Pass,CrossSell,0.1816,60
97457739435,Device_Upgrade_iPhone,Upsell,0.3441,280
97454772028,10GB_Aggressive_HVC,Retention,0.2017,120
97451058599,Device_Upgrade_iPhone,Upsell,0.3255,280
97459696086,Retention_Save_25pct,Retention,0.3191,90
97452493733,Device_Upgrade_iPhone,Upsell,0.4182,280
97456364382,Device_Upgrade_iPhone,Upsell,0.2401,280
97452633213,Device_Upgrade_iPhone,Upsell,0.243,280
97459397208,Device_Upgrade_iPhone,Upsell,0.2592,280
97457644929,Device_Upgrade_iPhone,Upsell,0.302,280
97458239247,Device_Upgrade_iPhone,Upsell,0.3819,280
97454888718,10GB_Aggressive_HVC,Retention,0.2347,120
97455206433,Device_Upgrade_iPhone,Upsell,0.2917,280
97456708709,Device_Upgrade_iPhone,Upsell,0.2809,280
97458062870,Device_Upgrade_iPhone,Upsell,0.4933,280
97458622815,Device_Upgrade_iPhone,Upsell,0.2924,280
97451160531,Device_Upgrade_iPhone,Upsell,0.2851,280
97456972051,Device_Upgrade_iPhone,Upsell,0.2453,280
97451982295,Device_Upgrade_iPhone,Upsell,0.2175,280
97453591385,Device_Upgrade_iPhone,Upsell,0.3156,280
97458464856,Device_Upgrade_iPhone,Upsell,0.5015,280
97453254618,Device_Upgrade_iPhone,Upsell,0.1833,280
97458171352,200mins_Upsell,Upsell,0.2725,35
97455167069,Device_Upgrade_iPhone,Upsell,0.2972,280
97453093766,Device_Upgrade_iPhone,Upsell,0.4894,280
97454008197,1GB_plus_100mins,NBO,0.1491,40
97455776925,Device_Upgrade_iPhone,Upsell,0.2146,280
97457886323,Device_Upgrade_iPhone,Upsell,0.4237,280
97456454141,Device_Upgrade_iPhone,Upsell,0.3062,280
97459399013,Device_Upgrade_iPhone,Upsell,0.3254,280
97458809649,Device_Upgrade_iPhone,Upsell,0.4345,280
97457780181,Device_Upgrade_iPhone,Upsell,0.2984,280
97456427963,Device_Upgrade_iPhone,Upsell,0.3831,280
97453608702,Device_Upgrade_iPhone,Upsell,0.174,280
97454713143,Device_Upgrade_iPhone,Upsell,0.333,280
97452070048,Device_Upgrade_iPhone,Upsell,0.2465,280
97454367656,Device_Upgrade_iPhone,Upsell,0.2591,280
97459338249,Device_Upgrade_iPhone,Upsell,0.362,280
97454832938,Device_Upgrade_iPhone,Upsell,0.2209,280
97452023559,Device_Upgrade_iPhone,Upsell,0.1843,280
97456867378,10GB_Aggressive_HVC,Retention,0.2714,120
97459663532,Device_Upgrade_iPhone,Upsell,0.2707,280
97458807414,Device_Upgrade_iPhone,Upsell,0.3604,280
97453466687,Device_Upgrade_iPhone,Upsell,0.38,280
97455085071,Device_Upgrade_iPhone,Upsell,0.3892,280
97455779148,Device_Upgrade_iPhone,Upsell,0.1858,280
97453230555,Device_Upgrade_iPhone,Upsell,0.1755,280
97453418227,Device_Upgrade_iPhone,Upsell,0.226,280
97453129961,Device_Upgrade_iPhone,Upsell,0.181,280
97459951230,Device_Upgrade_iPhone,Upsell,0.3461,280
97457714127,10GB_Aggressive_HVC,Retention,0.3157,120
97458567706,10GB_Aggressive_HVC,Retention,0.2338,120
97458349118,1GB_plus_100mins,NBO,0.1592,40
97459632290,1GB_plus_100mins,NBO,0.2102,40
97451947502,Device_Upgrade_iPhone,Upsell,0.3479,280
97458934691,Device_Upgrade_iPhone,Upsell,0.2632,280
97451599029,Device_Upgrade_iPhone,Upsell,0.1989,280
97455278788,Device_Upgrade_iPhone,Upsell,0.2244,280
97456349902,Device_Upgrade_iPhone,Upsell,0.3566,280
97454220749,5G_Unlimited_Upgrade,Upsell,0.2651,200
97452315559,Device_Upgrade_iPhone,Upsell,0.342,280
97452730711,Device_Upgrade_iPhone,Upsell,0.3129,280
97458421976,Device_Upgrade_iPhone,Upsell,0.2976,280
97453868514,Loyalty_Points_2x,Retention,0.1493,0
97453793011,1GB_plus_100mins,NBO,0.1601,40
97459310255,Roaming_Daily_Pass,CrossSell,0.2425,60
97452294847,10GB_Aggressive_HVC,Retention,0.2848,120
97459237401,Device_Upgrade_iPhone,Upsell,0.3236,280
97459288733,Device_Upgrade_iPhone,Upsell,0.2843,280
97456387036,5G_Unlimited_Upgrade,Upsell,0.241,200
97452489785,1GB_plus_100mins,NBO,0.1301,40
97452402747,Device_Upgrade_iPhone,Upsell,0.3856,280
97453562480,Device_Upgrade_iPhone,Upsell,0.2413,280
97456196740,Device_Upgrade_iPhone,Upsell,0.218,280
97452382520,Device_Upgrade_iPhone,Upsell,0.3909,280
97455100920,Device_Upgrade_iPhone,Upsell,0.3015,280
97452039410,Device_Upgrade_iPhone,Upsell,0.2385,280
97455862556,Device_Upgrade_iPhone,Upsell,0.4978,280
97451190332,Device_Upgrade_iPhone,Upsell,0.2225,280
97457381324,Device_Upgrade_iPhone,Upsell,0.3097,280
97451498558,10GB_Aggressive_HVC,Retention,0.2292,120
97452753396,Device_Upgrade_iPhone,Upsell,0.4587,280
97452571773,Device_Upgrade_iPhone,Upsell,0.2258,280
97458478945,Device_Upgrade_iPhone,Upsell,0.2078,280
97451480437,1GB_plus_100mins,NBO,0.1492,40
97454863336,Device_Upgrade_iPhone,Upsell,0.1815,280
97456320293,Device_Upgrade_iPhone,Upsell,0.3073,280
97455643959,5G_Unlimited_Upgrade,Upsell,0.2172,200
97457126430,1GB_plus_100mins,NBO,0.1527,40
97458227911,Device_Upgrade_iPhone,Upsell,0.2368,280
97454542673,Device_Upgrade_iPhone,Upsell,0.4325,280
97458453959,Device_Upgrade_iPhone,Upsell,0.2238,280
97453861919,Device_Upgrade_iPhone,Upsell,0.2667,280
97459859803,Device_Upgrade_iPhone,Upsell,0.2702,280
97455540735,Device_Upgrade_iPhone,Upsell,0.2343,280
97457624119,Device_Upgrade_iPhone,Upsell,0.2662,280
97458875043,200mins_Upsell,Upsell,0.2821,35
97458133860,1GB_plus_100mins,NBO,0.1845,40
97458660183,Device_Upgrade_iPhone,Upsell,0.329,280
97455828621,Device_Upgrade_iPhone,Upsell,0.2306,280
97451391275,Device_Upgrade_iPhone,Upsell,0.2522,280
97455437751,Device_Upgrade_iPhone,Upsell,0.2388,280
97452633485,Device_Upgrade_iPhone,Upsell,0.2121,280
97459002048,Loyalty_Points_2x,Retention,0.1194,0
97453130703,Retention_Save_25pct,Retention,0.2624,90
97453052628,1GB_plus_100mins,NBO,0.1364,40
97453244487,1GB_plus_100mins,NBO,0.1531,40
97456783095,1GB_plus_100mins,NBO,0.1543,40
97456141093,Device_Upgrade_iPhone,Upsell,0.2549,280
97459539566,Device_Upgrade_iPhone,Upsell,0.2069,280
97454746361,1GB_plus_100mins,NBO,0.1336,40
97453540503,Device_Upgrade_iPhone,Upsell,0.2839,280
97451443287,Device_Upgrade_iPhone,Upsell,0.2644,280
97451063683,Device_Upgrade_iPhone,Upsell,0.2356,280
97454362526,Device_Upgrade_iPhone,Upsell,0.1941,280
97459332355,Device_Upgrade_iPhone,Upsell,0.3108,280
97455713776,Loyalty_Points_2x,Retention,0.1156,0
97459041927,Device_Upgrade_iPhone,Upsell,0.3153,280
97451915047,Device_Upgrade_iPhone,Upsell,0.2172,280
97451839888,Loyalty_Points_2x,Retention,0.1388,0
97458501126,Device_Upgrade_iPhone,Upsell,0.196,280
97451960678,Device_Upgrade_iPhone,Upsell,0.3219,280
97451467656,Device_Upgrade_iPhone,Upsell,0.2629,280
97454636833,Loyalty_Points_2x,Retention,0.1368,0
97459323575,10GB_Aggressive_HVC,Retention,0.321,120
97457204449,Device_Upgrade_iPhone,Upsell,0.2898,280
97451892018,Device_Upgrade_iPhone,Upsell,0.2329,280
97458534178,Device_Upgrade_iPhone,Upsell,0.2259,280
97458592173,10GB_Aggressive_HVC,Retention,0.2894,120
97458206268,Device_Upgrade_iPhone,Upsell,0.2366,280
97459123877,Device_Upgrade_iPhone,Upsell,0.3921,280
97453158901,10GB_Aggressive_HVC,Retention,0.2767,120
97459816135,Device_Upgrade_iPhone,Upsell,0.4165,280
97453886266,Device_Upgrade_iPhone,Upsell,0.3829,280
97458218232,Device_Upgrade_iPhone,Upsell,0.1971,280
97456214280,Device_Upgrade_iPhone,Upsell,0.5546,280
97458015297,Device_Upgrade_iPhone,Upsell,0.2513,280
97456650374,10GB_Aggressive_HVC,Retention,0.2343,120
97456782348,Device_Upgrade_iPhone,Upsell,0.3435,280
97456546556,Device_Upgrade_iPhone,Upsell,0.1802,280
97458010966,Device_Upgrade_iPhone,Upsell,0.3108,280
97457651385,Device_Upgrade_iPhone,Upsell,0.2224,280
97452210969,Device_Upgrade_iPhone,Upsell,0.3333,280
97458434493,Device_Upgrade_iPhone,Upsell,0.2882,280
97455824611,Loyalty_Points_2x,Retention,0.1474,0
97453907750,Retention_Save_25pct,Retention,0.2429,90
97455628005,Device_Upgrade_iPhone,Upsell,0.3693,280
97459702850,Device_Upgrade_iPhone,Upsell,0.3585,280
97458718148,Device_Upgrade_iPhone,Upsell,0.2408,280
97458503285,Device_Upgrade_iPhone,Upsell,0.247,280
97455165193,Device_Upgrade_iPhone,Upsell,0.1713,280
97458057239,Device_Upgrade_iPhone,Upsell,0.2254,280
97454465805,10GB_Aggressive_HVC,Retention,0.2521,120
97457175488,Device_Upgrade_iPhone,Upsell,0.2694,280
97456756068,Device_Upgrade_iPhone,Upsell,0.3642,280
97453248188,Device_Upgrade_iPhone,Upsell,0.4123,280
97453398169,Retention_Save_25pct,Retention,0.1753,90
97451550198,Device_Upgrade_iPhone,Upsell,0.2622,280
97452257915,Device_Upgrade_iPhone,Upsell,0.3896,280
97454902567,1GB_plus_100mins,NBO,0.1187,40
97455300894,Device_Upgrade_iPhone,Upsell,0.2316,280
97452486086,Device_Upgrade_iPhone,Upsell,0.4256,280
97454752003,10GB_Aggressive_HVC,Retention,0.2466,120
97456437597,Device_Upgrade_iPhone,Upsell,0.3595,280
97453093129,Device_Upgrade_iPhone,Upsell,0.2122,280
97454044131,Device_Upgrade_iPhone,Upsell,0.5127,280
97454307605,Device_Upgrade_iPhone,Upsell,0.2323,280
97455545484,Device_Upgrade_iPhone,Upsell,0.3061,280
97454297531,Device_Upgrade_iPhone,Upsell,0.1164,280
97457632500,Device_Upgrade_iPhone,Upsell,0.3448,280
97453947459,Device_Upgrade_iPhone,Upsell,0.3434,280
97454905070,Device_Upgrade_iPhone,Upsell,0.3466,280
97454415176,Device_Upgrade_iPhone,Upsell,0.2446,280
97452646241,Device_Upgrade_iPhone,Upsell,0.2586,280
97457171689,Device_Upgrade_iPhone,Upsell,0.2329,280
97453119015,Device_Upgrade_iPhone,Upsell,0.2406,280
97453671887,Device_Upgrade_iPhone,Upsell,0.1804,280
97458134766,1GB_plus_100mins,NBO,0.145,40
97459539720,Device_Upgrade_iPhone,Upsell,0.2825,280
97457037587,Device_Upgrade_iPhone,Upsell,0.2151,280
97459247131,Device_Upgrade_iPhone,Upsell,0.1858,280
97458687714,Device_Upgrade_iPhone,Upsell,0.2605,280
97455328193,Device_Upgrade_iPhone,Upsell,0.2054,280
97457932610,Device_Upgrade_iPhone,Upsell,0.266,280
97453955250,1GB_plus_100mins,NBO,0.168,40
97455144473,Device_Upgrade_iPhone,Upsell,0.411,280
97455818912,Device_Upgrade_iPhone,Upsell,0.4679,280
97459644436,Device_Upgrade_iPhone,Upsell,0.3224,280
97458637043,1GB_plus_100mins,NBO,0.1946,40
97455403276,Device_Upgrade_iPhone,Upsell,0.2977,280
97456873285,10GB_Aggressive_HVC,Retention,0.279,120
97452821208,Device_Upgrade_iPhone,Upsell,0.5002,280
97458239525,Device_Upgrade_iPhone,Upsell,0.3767,280
97455977341,Device_Upgrade_iPhone,Upsell,0.226,280
97455794499,Device_Upgrade_iPhone,Upsell,0.274,280
97457896550,10GB_Aggressive_HVC,Retention,0.2515,120
97456696258,Device_Upgrade_iPhone,Upsell,0.4303,280
97451652203,Device_Upgrade_iPhone,Upsell,0.4219,280
97453593400,Device_Upgrade_iPhone,Upsell,0.2186,280
97452590470,Device_Upgrade_iPhone,Upsell,0.4133,280
97457614037,10GB_Aggressive_HVC,Retention,0.2779,120
97451316324,10GB_Aggressive_HVC,Retention,0.2868,120
97452821641,Device_Upgrade_iPhone,Upsell,0.2858,280
97456377004,Device_Upgrade_iPhone,Upsell,0.3132,280
97457253182,Device_Upgrade_iPhone,Upsell,0.2159,280
97455529743,Device_Upgrade_iPhone,Upsell,0.3197,280
97458746470,Device_Upgrade_iPhone,Upsell,0.1578,280
97459270459,Device_Upgrade_iPhone,Upsell,0.3882,280
97452188925,Device_Upgrade_iPhone,Upsell,0.2461,280
97459572598,10GB_Aggressive_HVC,Retention,0.249,120
97456529417,Device_Upgrade_iPhone,Upsell,0.1635,280
97456725971,Device_Upgrade_iPhone,Upsell,0.2756,280
97451855861,1GB_plus_100mins,NBO,0.1238,40
97456596846,1GB_plus_100mins,NBO,0.1554,40
97457531439,Device_Upgrade_iPhone,Upsell,0.1726,280
97456227119,Device_Upgrade_iPhone,Upsell,0.2012,280
97451760438,10GB_Aggressive_HVC,Retention,0.2169,120
97455709046,Device_Upgrade_iPhone,Upsell,0.1348,280
97459423457,Device_Upgrade_iPhone,Upsell,0.195,280
97457510747,10GB_Aggressive_HVC,Retention,0.3314,120
97452236671,1GB_plus_100mins,NBO,0.1433,40
97459639445,Device_Upgrade_iPhone,Upsell,0.2825,280
97459629921,Device_Upgrade_iPhone,Upsell,0.2987,280
97452524559,Device_Upgrade_iPhone,Upsell,0.1707,280
97458207956,Device_Upgrade_iPhone,Upsell,0.3095,280
97454660453,Device_Upgrade_iPhone,Upsell,0.4171,280
97456343137,10GB_Aggressive_HVC,Retention,0.2616,120
97455006676,Device_Upgrade_iPhone,Upsell,0.2793,280
97458043616,Device_Upgrade_iPhone,Upsell,0.3795,280
97459969937,Device_Upgrade_iPhone,Upsell,0.2075,280
97458156032,Device_Upgrade_iPhone,Upsell,0.3093,280
97459382341,10GB_Aggressive_HVC,Retention,0.2242,120
97459514242,Device_Upgrade_iPhone,Upsell,0.2038,280
97451810948,Device_Upgrade_iPhone,Upsell,0.264,280
97453280449,Device_Upgrade_iPhone,Upsell,0.19,280
97457496708,10GB_Aggressive_HVC,Retention,0.1871,120
97456310682,Device_Upgrade_iPhone,Upsell,0.3333,280
97451451315,1GB_plus_100mins,NBO,0.1166,40
97451855442,Device_Upgrade_iPhone,Upsell,0.249,280
97455684925,10GB_Aggressive_HVC,Retention,0.1697,120
97456545490,Device_Upgrade_iPhone,Upsell,0.2258,280
97452509473,Device_Upgrade_iPhone,Upsell,0.2285,280
97452541621,Device_Upgrade_iPhone,Upsell,0.1939,280
97452164061,Device_Upgrade_iPhone,Upsell,0.2192,280
97456084554,Device_Upgrade_iPhone,Upsell,0.3487,280
97451070682,10GB_Aggressive_HVC,Retention,0.1697,120
97456151874,Device_Upgrade_iPhone,Upsell,0.2975,280
97455283357,Device_Upgrade_iPhone,Upsell,0.2248,280
97455193865,Device_Upgrade_iPhone,Upsell,0.5048,280
97457113485,Device_Upgrade_iPhone,Upsell,0.4494,280
97455703685,Device_Upgrade_iPhone,Upsell,0.2232,280
97457549738,1GB_plus_100mins,NBO,0.144,40
97457875309,Device_Upgrade_iPhone,Upsell,0.2086,280
97459281058,Loyalty_Points_2x,Retention,0.1066,0
97458193201,Device_Upgrade_iPhone,Upsell,0.1451,280
97455659355,Device_Upgrade_iPhone,Upsell,0.2229,280
97455429378,Device_Upgrade_iPhone,Upsell,0.4595,280
97453121377,Device_Upgrade_iPhone,Upsell,0.2306,280
97456396340,1GB_plus_100mins,NBO,0.1476,40
97452252218,Device_Upgrade_iPhone,Upsell,0.3469,280
97459381125,Device_Upgrade_iPhone,Upsell,0.182,280
97458605397,Device_Upgrade_iPhone,Upsell,0.354,280
97452077602,Device_Upgrade_iPhone,Upsell,0.2216,280
97458073602,Device_Upgrade_iPhone,Upsell,0.2063,280
97452053931,Device_Upgrade_iPhone,Upsell,0.4273,280
97457491025,Loyalty_Points_2x,Retention,0.1941,0
97451789381,Device_Upgrade_iPhone,Upsell,0.2489,280
97455393740,Device_Upgrade_iPhone,Upsell,0.166,280
97456920768,1GB_plus_100mins,NBO,0.1491,40
97457559296,Device_Upgrade_iPhone,Upsell,0.2209,280
97454767474,Device_Upgrade_iPhone,Upsell,0.2406,280
97459294610,10GB_Aggressive_HVC,Retention,0.3255,120
97457968891,Device_Upgrade_iPhone,Upsell,0.1603,280
97452874382,Retention_Save_25pct,Retention,0.3006,90
97457041082,10GB_Aggressive_HVC,Retention,0.2394,120
97457574810,Device_Upgrade_iPhone,Upsell,0.2759,280
97454002739,Device_Upgrade_iPhone,Upsell,0.4203,280
97457644081,Device_Upgrade_iPhone,Upsell,0.4003,280
97459085298,Device_Upgrade_iPhone,Upsell,0.2183,280
97458354027,Device_Upgrade_iPhone,Upsell,0.2458,280
97457862788,Device_Upgrade_iPhone,Upsell,0.2903,280
97456710476,10GB_Aggressive_HVC,Retention,0.2104,120
97453434814,10GB_Aggressive_HVC,Retention,0.2837,120
97458157005,Device_Upgrade_iPhone,Upsell,0.3213,280
97454277727,Device_Upgrade_iPhone,Upsell,0.258,280
97455789770,Device_Upgrade_iPhone,Upsell,0.2474,280
97453829959,Device_Upgrade_iPhone,Upsell,0.4953,280
97453817153,Device_Upgrade_iPhone,Upsell,0.2205,280
97452418504,Device_Upgrade_iPhone,Upsell,0.2407,280
97459651678,Device_Upgrade_iPhone,Upsell,0.2558,280
97452330050,Device_Upgrade_iPhone,Upsell,0.3024,280
97451776329,Device_Upgrade_iPhone,Upsell,0.2837,280
97459425146,Device_Upgrade_iPhone,Upsell,0.2154,280
97455995117,Device_Upgrade_iPhone,Upsell,0.2722,280
97454941135,Device_Upgrade_iPhone,Upsell,0.3491,280
97457637421,Device_Upgrade_iPhone,Upsell,0.1906,280
97454449878,1GB_plus_100mins,NBO,0.1342,40
97452151294,Device_Upgrade_iPhone,Upsell,0.284,280
97457567170,1GB_plus_100mins,NBO,0.1493,40
97452583995,Device_Upgrade_iPhone,Upsell,0.3302,280
97455976937,Device_Upgrade_iPhone,Upsell,0.2954,280
97459541594,Retention_Save_25pct,Retention,0.2692,90
97459425258,Device_Upgrade_iPhone,Upsell,0.2879,280
97454247046,Device_Upgrade_iPhone,Upsell,0.4042,280
97458022712,1GB_plus_100mins,NBO,0.1542,40
97456514081,Device_Upgrade_iPhone,Upsell,0.3012,280
97455314325,Device_Upgrade_iPhone,Upsell,0.3315,280
97452259352,Device_Upgrade_iPhone,Upsell,0.5113,280
97454387234,Loyalty_Points_2x,Retention,0.1663,0
97456867262,10GB_Aggressive_HVC,Retention,0.3039,120
97459879682,Device_Upgrade_iPhone,Upsell,0.2392,280
97451044015,Device_Upgrade_iPhone,Upsell,0.3131,280
97457459841,Device_Upgrade_iPhone,Upsell,0.1591,280
97458617030,Device_Upgrade_iPhone,Upsell,0.2282,280
97459560750,Device_Upgrade_iPhone,Upsell,0.3314,280
97454814232,Device_Upgrade_iPhone,Upsell,0.385,280
97452066307,Device_Upgrade_iPhone,Upsell,0.2728,280
97453438704,1GB_plus_100mins,NBO,0.1503,40
97458654802,1GB_plus_100mins,NBO,0.1739,40
97458901413,10GB_Aggressive_HVC,Retention,0.2508,120
97456733664,1GB_plus_100mins,NBO,0.1134,40
97452104664,Device_Upgrade_iPhone,Upsell,0.2286,280
97452097294,Device_Upgrade_iPhone,Upsell,0.2498,280
97455303548,10GB_Aggressive_HVC,Retention,0.4133,120
97456294321,Device_Upgrade_iPhone,Upsell,0.2119,280
97451291407,Device_Upgrade_iPhone,Upsell,0.216,280
97457174866,Loyalty_Points_2x,Retention,0.177,0
97455900589,Device_Upgrade_iPhone,Upsell,0.2131,280
97451110724,Device_Upgrade_iPhone,Upsell,0.2506,280
97451861097,10GB_Aggressive_HVC,Retention,0.2419,120
97455088861,Device_Upgrade_iPhone,Upsell,0.199,280
97457503268,Device_Upgrade_iPhone,Upsell,0.3652,280
97458428594,Home_Free_OoredooTV,CrossSell,0.1433,150
97454881713,Device_Upgrade_iPhone,Upsell,0.2251,280
97453658230,1GB_plus_100mins,NBO,0.0859,40
97459714792,Device_Upgrade_iPhone,Upsell,0.3499,280
97455126932,1GB_plus_100mins,NBO,0.158,40
97453838507,Device_Upgrade_iPhone,Upsell,0.3053,280
97454980826,Loyalty_Points_2x,Retention,0.1806,0
97451108824,10GB_Aggressive_HVC,Retention,0.3504,120
